ODALIS,spanish,female
CRUZ,spanish,male
ROSARIO,spanish,female
CHUS,spanish,null
TRINIDAD,spanish,female
ELLERY,english,null
ADDISON,english,null
OMEGA,english,null
HAYDEN,english,null
PARIS,english,female
BRADY,english,male
DERRYL,english,null
BLISS,english,female
KELLEY,english,null
PIPER,english,null
LAVERNE,english,female
NOAH,english,male
SAGE,english,null
LORIN,english,female
MALLORY,english,female
LEE,english,male
SAM,english,male
ASHLEY,english,female
ALTAIR,english,null
KERRIE,english,null
DEE,english,female
DERBY,english,null
JODY,english,female
RIMON,english,null
GAIL,english,female
KERRY,english,female
EPHAH,english,null
MADISON,english,female
PAGE,english,female
JOSS,english,male
GAYNOR,english,male
SALAL,english,null
NICKY,english,null
MAHALAH,english,null
INDIGO,english,female
BAILY,english,female
JOOLS,english,null
CAREY,english,null
ANDY,english,null
AAREN,english,null
ADINA,english,female
CORTNEY,english,female
MACKENZIE,english,null
AUTUMN,english,female
DEVEN,english,null
HAVEN,english,female
BROOKE,english,female
LUX,english,female
JORDI,english,male
DARBY,english,null
BRIAR,english,null
JOHNNIE,english,female
MEREDITH,english,female
KIM,english,female
MERIT,english,null
ARIN,english,null
MEADE,english,null
BRETT,english,female
LINDSAY,english,female
CODIE,english,female
KEELIN,english,null
LOU,english,null
KAY,english,female
CHEYANNE,english,female
ABIAH,english,null
DANNI,english,null
ABIHAIL,english,null
SCHUYLER,english,null
JAYDEN,english,female
DIAMOND,english,female
MAHALA,english,null
PARRIS,english,null
GARNET,english,null
LESLEY,english,female
ALIX,english,null
PEYTON,english,null
SANDY,english,female
JUSTY,english,null
BAILEY,english,female
LAURIE,english,female
LINDSEY,english,female
MATTY,english,null
ALEX,english,male
KIMBERLEY,english,female
KELSEY,english,null
ROBBIE,english,male
RUBY,english,female
RAVEN,english,female
HARTLEY,english,null
KELL,english,null
LAYTON,english,null
JADYN,english,null
HADLEY,english,null
KENDAL,english,female
MEED,english,null
RANDY,english,null
AUBREY,english,female
BERTIE,english,null
CASEY,english,null
RIPLEY,english,female
OCEAN,english,null
INNES,english,null
CHANCE,english,null
FREDDIE,english,male
DACEY,english,null
MEL,english,null
GEORGIE,english,null
CAMERON,english,female
DAKOTA,english,female
ARLIE,english,null
KINGSLEY,english,null
COURTNEY,english,female
HUNTER,english,null
RONNIE,english,null
LES,english,null
KRIS,english,female
MEAD,english,null
PATSY,english,female
JADE,english,female
AUSTYN,english,null
GOLDA,english,null
CARY,english,null
KAE,english,null
JAMIE,english,null
JACKIE,english,female
INDIANA,english,male
DARYL,english,null
CHARLIE,english,male
DELANEY,english,null
OLLIE,english,null
ARDEN,english,null
MADDISON,english,null
KELLY,english,female
KENNEDY,english,null
MACY,english,female
CHARLEY,english,null
PAISLEY,english,null
CODY,english,female
BERRY,english,null
JAIMIE,english,null
BAMBI,english,null
LESLY,english,female
RIO,english,female
MAHLAH,english,null
KENZIE,english,female
FLORENCE,english,female
GAY,english,null
SEPTEMBER,english,null
MACEY,english,null
ABIJAH,english,null
MERRITT,english,null
KENDALL,english,null
GERRY,english,null
JOCELYN,english,female
CADENCE,english,null
DREW,english,female
EASTER,english,null
RILEY,english,female
MALACH,english,null
KELCEY,english,null
IZZY,english,male
JAYDON,english,null
JAN,english,null
KIT,english,null
JO,english,null
DARIAN,english,female
DALE,english,null
HOLLIS,english,null
AFFTON,english,null
BAILIE,english,female
MCKENZIE,english,null
LEX,english,male
PAYTON,english,male
KORTNEY,english,null
HARPER,english,null
EDEN,english,null
ASH,english,male
ASHTON,english,male
ASTON,english,male
REILLY,english,null
JADEN,english,null
BLYTHE,english,null
BROOK,english,female
DARCIE,english,female
MORGAN,english,male
LEIGHTON,english,null
RON,english,male
KEELAN,english,null
FRANKIE,english,male
SAMMY,english,male
JORDAN,english,null
MACIE,english,null
ORA,english,null
ADISSON,english,null
REAGAN,english,male
ABIA,english,null
FLURRY,english,null
CHEYENNE,english,null
LOREN,english,null
AVERY,english,male
JORDON,english,null
DARIEN,english,null
FARLEY,english,null
BRAIDY,english,null
NEVADA,english,null
SAMMIE,english,female
JORDIE,english,null
JESS,english,null
CASSIDY,english,null
MAACHAH,english,null
KASEY,english,null
JORDYN,english,null
RAIN,english,null
CHRIS,english,null
FLORRY,english,null
LAUREN,english,female
SELBY,english,null
CLARE,english,null
ALPHA,english,null
JAIDEN,english,null
AMI,english,null
BOBBI,english,female
LAVERN,english,null
ROBIN,english,null
KASSIDY,english,null
BABE,english,null
JOJO,english,null
DALLAS,english,null
SELAH,english,null
GALE,english,null
LONDON,english,female
DEVAN,english,female
BAMBIE,english,null
INDY,english,null
MICKEY,english,male
SELA,english,null
ASIA,english,null
PAISE,english,null
MERLYN,english,null
ROWAN,english,null
AFTON,english,null
JULES,english,male
MERYLE,english,null
HILARY,english,male
MERRILL,english,null
HAPPY,english,null
ELLA,english,null
CARI,english,null
DARRYL,english,null
MERLE,english,null
HILLARY,english,female
MERYL,english,female
KODEY,english,null
JOYCE,english,female
MATTIE,english,null
KELAN,english,null
MORGEN,english,null
ANGEL,english,male
KOURTNEY,english,null
CHEROKEE,english,null
LEIGH,english,null
PAT,english,null
RAE,english,null
KODY,english,null
MO,english,null
DARNELL,english,null
LARK,english,null
ADISON,english,null
JERRY,english,male
DEVON,english,female
ARIEL,english,male
JUSTICE,english,null
DANA,english,null
AIAH,english,null
DARCY,english,female
PHOENIX,english,female
EVELYN,english,female
NICOLA,italian,male
FIORE,italian,null
FÉLICITÉ,french,female
ESMÉ,french,null
CYRILLE,french,null
GARLAND,french,null
CAMILLE,french,female
COLOMBE,french,null
DOMINIQUE,french,male
FLORENCE,french,null
SACHA,french,female
SASCHA,german,null
SIGI,german,null
ABIYHAYIL,hebrew,null
AVI,hebrew,male
NETA,hebrew,null
GAL,hebrew,null
ADDIE,hebrew,null
SIMCHA,hebrew,null
AYAH,hebrew,null
EYPHAH,hebrew,null
DOR,hebrew,null
MORAG,hebrew,null
SHANI,hebrew,null
MALKA,hebrew,null
ADI,hebrew,null
ULA,hebrew,null
EIFA,hebrew,null
OFRA,hebrew,female
AVICHAYIL,hebrew,female
HED,hebrew,null
TAL,hebrew,null
HADAS,hebrew,null
VERED,hebrew,null
EFA,hebrew,null
EDEN,hebrew,null
ULLA,hebrew,null
ABICHAIL,hebrew,female
NIR,hebrew,null
LI,hebrew,null
ABIYAH,hebrew,null
KARNI,hebrew,null
DODI,hebrew,null
GOMER,hebrew,null
MAAKAH,hebrew,null
AVIYAH,hebrew,null
ABIHAYIL,hebrew,female
LAVI,hebrew,null
SHEBA,hebrew,female
LIOR,hebrew,null
DOWR,hebrew,null
NOGA,hebrew,null
KARMEL,hebrew,null
REBA,hebrew,null
AMIT,hebrew,null
OPHRAH,hebrew,female
ROTEM,hebrew,null
AFFRA,hebrew,null
EDER,hebrew,null
LIRON,hebrew,null
SHAHAR,hebrew,null
CHAVIVA,hebrew,null
MALAK,hebrew,null
SHACHAR,hebrew,null
SAVA,hebrew,null
MACHLAH,hebrew,null
SHOSHAN,hebrew,null
AFRA,hebrew,null
SHIR,hebrew,null
APHRA,hebrew,null
SALMA,hebrew,null
AYA,hebrew,null
RONI,hebrew,null
RINA,hebrew,null
GINA,hebrew,null
CARNI,hebrew,null
REVA,hebrew,null
ANAT,hebrew,null
TIQVAH,hebrew,null
SHEVA,hebrew,null
NOAM,hebrew,null
ADIYNA,hebrew,null
AVIGAL,hebrew,null
RINNAH,hebrew,null
EFAH,hebrew,null
SABA,hebrew,null
RON,hebrew,null
NIKEPHOROS,greek,null
TIMO,greek,null
PALLAS,greek,female
PODARGE,greek,null
KIN,japanese,null
NORI,japanese,null
KYO,japanese,null
HIKARU,japanese,null
AKIRA,japanese,male
KEI,japanese,null
RYO,japanese,null
SUSUMU,japanese,null
NAO,japanese,null
HISOKA,japanese,null
AOI,japanese,null
MASA,japanese,null
MAKOTO,japanese,null
MINORI,japanese,null
SHIG,japanese,null
MASUMI,japanese,null
MITSURU,japanese,null
AKI,japanese,null
KOU,japanese,null
KOHAKU,japanese,null
MADOKA,japanese,null
KYOU,japanese,null
KO,japanese,null
NAOKI,japanese,null
KAEDE,japanese,null
MICHI,japanese,null
KATSUMI,japanese,female
SORA,japanese,null
JUN,japanese,null
HIRO,japanese,null
HARU,japanese,null
GWYN,welsh,female
EILIAN,welsh,null
GLAW,welsh,null
CERI,welsh,null
ENFYS,welsh,null
BRYNN,welsh,null
GWYNEDD,welsh,null
AFON,welsh,null
GWYNN,welsh,female
DELWYN,welsh,null
BRAITH,welsh,null
BRYN,welsh,null
BRIN,welsh,null
EMLYN,welsh,null
HEULOG,welsh,null
AERON,welsh,null
ANARAWD,welsh,null
AILBHE,irish,null
CARLIN,irish,null
BROGAN,irish,null
CARY,irish,null
CODY,irish,female
NUKPANA,nativeamerican,null
ISI,nativeamerican,null
AI,chinese,null
LIQIN,chinese,null
LING,chinese,null
GUANG,chinese,null
CHEN,chinese,null
LI,chinese,null
MEILIN,chinese,null
LIU,chinese,null
FANG,chinese,null
HUIQING,chinese,null
HUAN,chinese,null
JIAYI,chinese,null
HONG,chinese,null
FAN,chinese,null
AYOTUNDE,african,null
APIO,african,null
BAAKO,african,null
ANAN,african,null
APUNDA,african,null
AKUA,african,null
ADISA,african,null
BOHLALE,african,null
BAMIDELE,african,null
BOIPELO,african,null
AYODELE,african,null
BAPOTO,african,null
AYO,african,null
BOITUMELO,african,null
CHIBUZO,african,null
CHIKA,african,null
AMARA,african,null
AWOTWI,african,null
ARJANA,african,null
CHIDIEBERE,african,null
APIYO,african,null
ADONGO,african,null
ABIDEMI,african,null
ALABA,african,null
BLESSING,african,null
